A1_plant001_rgb.png, 15
A1_plant002_rgb.png, 11
A1_plant005_rgb.png, 15
A1_plant006_rgb.png, 15
A1_plant007_rgb.png, 12
A1_plant010_rgb.png, 15
A1_plant011_rgb.png, 16
A1_plant012_rgb.png, 11
A1_plant013_rgb.png, 13
A1_plant015_rgb.png, 16
A1_plant016_rgb.png, 16
A1_plant018_rgb.png, 14
A1_plant020_rgb.png, 16
A1_plant021_rgb.png, 14
A1_plant022_rgb.png, 15
A1_plant026_rgb.png, 14
A1_plant027_rgb.png, 14
A1_plant029_rgb.png, 20
A1_plant030_rgb.png, 19
A1_plant031_rgb.png, 16
A1_plant032_rgb.png, 15
A1_plant033_rgb.png, 17
A1_plant035_rgb.png, 15
A1_plant036_rgb.png, 14
A1_plant038_rgb.png, 18
A1_plant039_rgb.png, 16
A1_plant040_rgb.png, 15
A1_plant042_rgb.png, 20
A1_plant045_rgb.png, 17
A1_plant046_rgb.png, 18
A1_plant048_rgb.png, 15
A1_plant050_rgb.png, 18
A1_plant051_rgb.png, 17
A1_plant052_rgb.png, 17
A1_plant053_rgb.png, 14
A1_plant054_rgb.png, 18
A1_plant055_rgb.png, 18
A1_plant058_rgb.png, 17
A1_plant059_rgb.png, 16
A1_plant060_rgb.png, 20
A1_plant061_rgb.png, 17
A1_plant062_rgb.png, 18
A1_plant064_rgb.png, 16
A1_plant067_rgb.png, 15
A1_plant068_rgb.png, 14
A1_plant069_rgb.png, 18
A1_plant070_rgb.png, 18
A1_plant071_rgb.png, 16
A1_plant072_rgb.png, 15
A1_plant073_rgb.png, 18
A1_plant078_rgb.png, 16
A1_plant082_rgb.png, 15
A1_plant083_rgb.png, 17
A1_plant084_rgb.png, 19
A1_plant085_rgb.png, 15
A1_plant086_rgb.png, 14
A1_plant088_rgb.png, 18
A1_plant089_rgb.png, 17
A1_plant090_rgb.png, 15
A1_plant092_rgb.png, 16
A1_plant094_rgb.png, 15
A1_plant096_rgb.png, 16
A1_plant098_rgb.png, 17
A1_plant100_rgb.png, 17
A1_plant101_rgb.png, 16
A1_plant102_rgb.png, 17
A1_plant104_rgb.png, 15
A1_plant105_rgb.png, 15
A1_plant106_rgb.png, 17
A1_plant107_rgb.png, 17
A1_plant108_rgb.png, 16
A1_plant109_rgb.png, 15
A1_plant110_rgb.png, 18
A1_plant113_rgb.png, 15
A1_plant114_rgb.png, 18
A1_plant115_rgb.png, 16
A1_plant116_rgb.png, 19
A1_plant118_rgb.png, 19
A1_plant119_rgb.png, 16
A1_plant124_rgb.png, 15
A1_plant127_rgb.png, 16
A1_plant129_rgb.png, 19
A1_plant130_rgb.png, 18
A1_plant132_rgb.png, 15
A1_plant134_rgb.png, 16
A1_plant135_rgb.png, 18
A1_plant138_rgb.png, 16
A1_plant139_rgb.png, 15
A1_plant141_rgb.png, 17
A1_plant143_rgb.png, 15
A1_plant144_rgb.png, 16
A1_plant145_rgb.png, 17
A1_plant147_rgb.png, 14
A1_plant148_rgb.png, 19
A1_plant149_rgb.png, 18
A1_plant151_rgb.png, 14
A1_plant152_rgb.png, 16
A1_plant153_rgb.png, 16
A1_plant154_rgb.png, 18
A1_plant156_rgb.png, 17
A1_plant159_rgb.png, 18
A1_plant161_rgb.png, 16
