epoch,time,train/box_loss,train/seg_loss,train/cls_loss,train/dfl_loss,train/sem_loss,metrics/precision(B),metrics/recall(B),metrics/mAP50(B),metrics/mAP50-95(B),metrics/precision(M),metrics/recall(M),metrics/mAP50(M),metrics/mAP50-95(M),val/box_loss,val/seg_loss,val/cls_loss,val/dfl_loss,val/sem_loss,lr/pg0,lr/pg1,lr/pg2
1,9.71854,0.81819,2.04765,2.83215,1.08426,0,0.00333,1,0.50496,0.30456,0.00333,1,0.4495,0.36245,0.37149,0.53093,2.89168,0.86229,0,0.000606061,0.000606061,0.000606061
2,10.6314,0.85825,2.10281,2.89802,1.13889,0,0.00333,1,0.58348,0.37626,0.00333,1,0.53675,0.42428,0.39573,0.55156,2.89037,0.86292,0,0.00126013,0.00126013,0.00126013
3,11.4295,0.75847,2.35128,2.82134,1.10618,0,0.00333,1,0.53334,0.40808,0.00333,1,0.53334,0.48404,0.41743,0.60621,2.88882,0.86684,0,0.00190099,0.00190099,0.00190099
4,12.1349,0.71979,1.78449,2.75024,1.0202,0,0.00333,1,0.55432,0.35699,0.003,0.9,0.3797,0.25054,0.45002,0.68147,2.89206,0.87953,0,0.0019406,0.0019406,0.0019406
5,12.8273,0.71728,2.0205,2.77327,1.01781,0,0.00333,1,0.55432,0.35699,0.003,0.9,0.3797,0.25054,0.45002,0.68147,2.89206,0.87953,0,0.0019208,0.0019208,0.0019208
6,13.5715,2.0741,3.83559,3.53012,2.02037,0,0.00133,0.4,0.00182,0.00036,0.00133,0.4,0.0025,0.00034,3.50752,9.48741,5.79228,4.4511,0,0.001901,0.001901,0.001901
7,14.3599,3.0546,5.40819,4.27795,2.96179,0,0.00267,0.8,0.00369,0.0006,0.00133,0.4,0.00107,0.00014,3.11044,31.91,5.22512,4.89384,0,0.0018812,0.0018812,0.0018812
8,15.1818,2.45002,4.92049,3.51796,2.66774,0,0.00267,0.8,0.00369,0.0006,0.00133,0.4,0.00107,0.00014,3.11044,31.91,5.22512,4.89384,0,0.0018614,0.0018614,0.0018614
9,15.9583,2.24791,4.54917,3.38932,2.35333,0,0.00341,0.4,0.00305,0.00051,0.00652,0.3,0.00305,0.00065,3.59807,7.87321,11.0337,8.11835,0,0.0018416,0.0018416,0.0018416
10,16.8062,2.44894,3.55236,3.46326,2.39267,0,0.74156,0.1,0.11771,0.03424,0.21713,0.2,0.13873,0.05119,3.59147,4.74268,9.34775,8.77437,0,0.0018218,0.0018218,0.0018218
11,17.6222,2.23518,1.99753,3.34836,2.26712,0,0.74156,0.1,0.11771,0.03424,0.21713,0.2,0.13873,0.05119,3.59147,4.74268,9.34775,8.77437,0,0.001802,0.001802,0.001802
12,18.4613,2.10655,1.57709,2.98844,2.09475,0,0.04505,0.3,0.02108,0.00479,0.06821,0.4,0.04616,0.01397,3.53266,3.59328,8.93212,11.2024,0,0.0017822,0.0017822,0.0017822
13,19.24,2.21208,1.37666,2.9859,2.27666,0,0.07586,0.1,0.01255,0.00149,0.07586,0.1,0.0178,0.0052,3.74926,6.81946,11.7545,16.6366,0,0.0017624,0.0017624,0.0017624
14,19.9857,1.98103,1.12505,2.74317,2.05929,0,0.07586,0.1,0.01255,0.00149,0.07586,0.1,0.0178,0.0052,3.74926,6.81946,11.7545,16.6366,0,0.0017426,0.0017426,0.0017426
15,20.7292,2.01964,1.10165,2.86423,2.1013,0,0.0572,0.4,0.03696,0.00887,0.04896,0.3,0.03422,0.01119,3.76636,5.44801,25.2534,15.1842,0,0.0017228,0.0017228,0.0017228
16,21.4991,1.89059,0.88823,2.65863,2.02312,0,0.06667,0.5,0.05156,0.01207,0.04,0.3,0.03682,0.00972,3.277,8.19078,53.1949,17.8405,0,0.001703,0.001703,0.001703
17,22.2264,1.86945,0.99085,2.58432,1.93791,0,0.06667,0.5,0.05156,0.01207,0.04,0.3,0.03682,0.00972,3.277,8.19078,53.1949,17.8405,0,0.0016832,0.0016832,0.0016832
18,22.9597,1.76081,0.93171,2.28751,1.81972,0,0.0281,0.6,0.02383,0.00615,0.04116,0.7,0.04028,0.0136,3.54851,3.55867,63.7221,19.8983,0,0.0016634,0.0016634,0.0016634
19,23.7248,1.63427,0.92536,2.42921,1.76973,0,0.09146,0.2,0.03319,0.01278,0.13754,0.3,0.05644,0.02525,3.43852,1.48811,7.6051,6.70463,0,0.0016436,0.0016436,0.0016436
20,25.0649,1.62476,0.75829,2.22816,1.72256,0,0.20859,0.4,0.28769,0.09014,0.17695,0.8,0.31611,0.18261,1.94436,0.52848,5.98144,2.82207,0,0.0016238,0.0016238,0.0016238
21,25.8142,1.5231,0.88838,2.07757,1.66107,0,0.20859,0.4,0.28769,0.09014,0.17695,0.8,0.31611,0.18261,1.94436,0.52848,5.98144,2.82207,0,0.001604,0.001604,0.001604
22,26.5578,1.44439,0.8308,2.12916,1.60348,0,0.18026,0.6,0.33909,0.10854,0.23905,0.8,0.39554,0.23594,1.9123,0.46622,4.95042,2.76381,0,0.0015842,0.0015842,0.0015842
23,27.2752,1.53991,0.8187,2.00884,1.54987,0,0.20636,0.5,0.17776,0.07097,0.22587,0.6,0.22482,0.12399,1.84104,0.33866,3.91636,2.07541,0,0.0015644,0.0015644,0.0015644
24,28.0078,1.43841,0.85215,2.04325,1.60593,0,0.20636,0.5,0.17776,0.07097,0.22587,0.6,0.22482,0.12399,1.84104,0.33866,3.91636,2.07541,0,0.0015446,0.0015446,0.0015446
25,28.7506,1.41098,0.69938,1.95103,1.50551,0,0.48811,0.47859,0.45915,0.21206,0.34971,0.8614,0.47567,0.35579,1.66826,0.31322,2.89536,1.73569,0,0.0015248,0.0015248,0.0015248
26,29.5006,1.32015,0.78075,1.98146,1.48646,0,0.69778,0.6,0.72805,0.36317,0.596,0.7,0.75339,0.5851,1.46648,0.2645,2.57239,1.93725,0,0.001505,0.001505,0.001505
27,30.2798,1.43442,0.69685,1.84504,1.53327,0,0.69778,0.6,0.72805,0.36317,0.596,0.7,0.75339,0.5851,1.46648,0.2645,2.57239,1.93725,0,0.0014852,0.0014852,0.0014852
28,31.0941,1.32799,0.60919,1.75803,1.48809,0,0.41174,0.98059,0.6679,0.35039,0.40375,0.9,0.68864,0.53115,1.39866,0.30522,3.443,1.92127,0,0.0014654,0.0014654,0.0014654
29,31.8851,1.35416,0.77012,1.83872,1.50107,0,0.56595,0.6,0.61894,0.31237,0.56595,0.6,0.64059,0.47725,1.44735,0.2907,3.20631,1.84703,0,0.0014456,0.0014456,0.0014456
30,32.6593,1.24552,0.73902,1.6405,1.35003,0,0.56595,0.6,0.61894,0.31237,0.56595,0.6,0.64059,0.47725,1.44735,0.2907,3.20631,1.84703,0,0.0014258,0.0014258,0.0014258
31,33.4777,1.33911,0.71787,1.73338,1.45044,0,0.44236,0.8,0.45325,0.21818,0.44236,0.8,0.59242,0.38873,1.53246,0.28551,3.33533,1.86636,0,0.001406,0.001406,0.001406
32,34.2854,1.22359,0.62572,1.58776,1.3555,0,0.72088,0.7,0.82328,0.46526,0.72088,0.7,0.82328,0.68855,1.55318,0.36711,2.30546,1.83524,0,0.0013862,0.0013862,0.0013862
33,35.043,1.30558,0.71809,1.62163,1.43358,0,0.72088,0.7,0.82328,0.46526,0.72088,0.7,0.82328,0.68855,1.55318,0.36711,2.30546,1.83524,0,0.0013664,0.0013664,0.0013664
34,35.8164,1.18699,0.55469,1.63187,1.32237,0,0.62022,0.8,0.7086,0.44546,0.62022,0.8,0.7086,0.62036,1.45503,0.52988,2.2202,1.68122,0,0.0013466,0.0013466,0.0013466
35,36.5534,1.15775,0.60291,1.4619,1.30272,0,0.66539,0.99464,0.80135,0.54782,0.66539,0.99464,0.80135,0.71937,1.1507,0.51491,1.83734,1.47652,0,0.0013268,0.0013268,0.0013268
36,37.307,1.21707,0.59565,1.58308,1.31243,0,0.66665,1,0.81947,0.53853,0.66665,1,0.81947,0.72013,1.11791,0.46406,1.96308,1.43497,0,0.001307,0.001307,0.001307
37,38.062,1.11538,0.56893,1.44974,1.24742,0,0.66665,1,0.81947,0.53853,0.66665,1,0.81947,0.72013,1.11791,0.46406,1.96308,1.43497,0,0.0012872,0.0012872,0.0012872
38,38.8247,1.1243,0.61716,1.51012,1.28637,0,0.84906,0.9,0.93643,0.59095,0.84906,0.9,0.93643,0.82,1.13846,0.41137,1.87686,1.40939,0,0.0012674,0.0012674,0.0012674
39,39.5946,1.13018,0.61059,1.40925,1.2651,0,0.81093,1,0.94833,0.62425,0.81093,1,0.94833,0.84284,1.09578,0.42214,2.00457,1.36166,0,0.0012476,0.0012476,0.0012476
40,40.3503,0.99759,0.67812,1.36435,1.18208,0,0.81093,1,0.94833,0.62425,0.81093,1,0.94833,0.84284,1.09578,0.42214,2.00457,1.36166,0,0.0012278,0.0012278,0.0012278
41,41.1335,0.97381,0.48913,1.32161,1.18331,0,0.90854,0.99393,0.94955,0.64531,0.90854,0.99393,0.94955,0.83516,1.00802,0.38934,1.94855,1.35246,0,0.001208,0.001208,0.001208
42,41.8953,1.00413,0.60857,1.3083,1.23922,0,0.90676,0.97431,0.97682,0.62477,0.90676,0.97431,0.97682,0.83204,1.12294,0.36274,1.72683,1.45613,0,0.0011882,0.0011882,0.0011882
43,42.6403,1.07218,0.68182,1.28734,1.13435,0,0.90676,0.97431,0.97682,0.62477,0.90676,0.97431,0.97682,0.83204,1.12294,0.36274,1.72683,1.45613,0,0.0011684,0.0011684,0.0011684
44,43.413,1.00832,0.65888,1.23087,1.15535,0,0.7014,1,0.87452,0.5992,0.8474,1,0.96773,0.76894,1.11858,0.31615,1.69056,1.53292,0,0.0011486,0.0011486,0.0011486
45,44.2213,0.97978,0.58626,1.2523,1.19256,0,0.75223,0.9,0.96167,0.60784,0.75223,0.9,0.96167,0.78223,1.11897,0.32526,1.67173,1.57132,0,0.0011288,0.0011288,0.0011288
46,45.0262,1.00559,0.61946,1.14731,1.16677,0,0.75223,0.9,0.96167,0.60784,0.75223,0.9,0.96167,0.78223,1.11897,0.32526,1.67173,1.57132,0,0.001109,0.001109,0.001109
47,45.8498,0.87759,0.58523,1.11659,1.10154,0,0.79258,0.9,0.93714,0.66857,0.79258,0.9,0.93714,0.83491,1.03386,0.31349,1.64968,1.49733,0,0.0010892,0.0010892,0.0010892
48,46.8448,0.94336,0.46852,1.1648,1.15235,0,0.81581,1,0.96833,0.70881,0.81581,1,0.96833,0.88143,1.05224,0.27931,1.59274,1.43942,0,0.0010694,0.0010694,0.0010694
49,47.652,1.01907,0.64253,1.17198,1.22357,0,0.81581,1,0.96833,0.70881,0.81581,1,0.96833,0.88143,1.05224,0.27931,1.59274,1.43942,0,0.0010496,0.0010496,0.0010496
50,48.4127,0.91109,0.4763,1.29064,1.08981,0,0.8896,1,0.97682,0.64448,0.8896,1,0.97682,0.85809,1.03743,0.25368,1.59865,1.42228,0,0.0010298,0.0010298,0.0010298
51,49.1729,0.89113,0.55015,1.12671,1.14949,0,0.90319,1,0.995,0.73723,0.90319,1,0.995,0.92559,1.01845,0.26682,1.51545,1.37903,0,0.00101,0.00101,0.00101
52,49.9311,0.88522,0.43388,1.14439,1.09737,0,0.90318,1,0.995,0.72076,0.90318,1,0.995,0.92698,1.10277,0.31235,1.42565,1.40578,0,0.0009902,0.0009902,0.0009902
53,50.7055,0.87771,0.5003,1.16846,1.11101,0,0.90318,1,0.995,0.72076,0.90318,1,0.995,0.92698,1.10277,0.31235,1.42565,1.40578,0,0.0009704,0.0009704,0.0009704
54,51.4879,0.89539,0.56194,1.1107,1.08979,0,0.90422,0.9,0.98591,0.77415,0.90422,0.9,0.98591,0.90238,0.89953,0.32119,1.43022,1.28631,0,0.0009506,0.0009506,0.0009506
55,52.2909,0.83585,0.48895,1.06709,1.07669,0,0.95576,1,0.995,0.76686,0.95576,1,0.995,0.91527,0.82575,0.48852,1.39162,1.25065,0,0.0009308,0.0009308,0.0009308
56,53.0785,0.89808,0.44042,1.2034,1.14396,0,0.95576,1,0.995,0.76686,0.95576,1,0.995,0.91527,0.82575,0.48852,1.39162,1.25065,0,0.000911,0.000911,0.000911
57,53.8932,0.88013,0.49943,1.02586,1.10184,0,0.96047,1,0.995,0.76155,0.96047,1,0.995,0.92559,0.80919,0.36526,1.38915,1.27383,0,0.0008912,0.0008912,0.0008912
58,54.6886,0.85114,0.49923,1.05453,1.06963,0,0.97312,1,0.995,0.77812,0.97312,1,0.995,0.91197,0.87246,0.31849,1.35579,1.28469,0,0.0008714,0.0008714,0.0008714
59,55.4852,0.92325,0.42447,1.04438,1.11079,0,0.97312,1,0.995,0.77812,0.97312,1,0.995,0.91197,0.87246,0.31849,1.35579,1.28469,0,0.0008516,0.0008516,0.0008516
60,56.2626,0.80001,0.50745,0.99963,1.05898,0,0.98383,0.9,0.98591,0.77616,0.98383,0.9,0.98591,0.93287,0.86654,0.31501,1.29313,1.27879,0,0.0008318,0.0008318,0.0008318
61,57.0347,0.82009,0.39652,0.98868,1.08028,0,1,0.9837,0.995,0.75102,1,0.9837,0.995,0.9263,0.82499,0.27665,1.2315,1.27582,0,0.000812,0.000812,0.000812
62,57.7722,0.84445,0.44589,0.98354,1.04812,0,1,0.9837,0.995,0.75102,1,0.9837,0.995,0.9263,0.82499,0.27665,1.2315,1.27582,0,0.0007922,0.0007922,0.0007922
63,58.4844,0.78469,0.47262,0.94256,1.0724,0,1,0.98292,0.995,0.75341,1,0.98292,0.995,0.93968,0.76556,0.26836,1.32461,1.26038,0,0.0007724,0.0007724,0.0007724
64,59.1993,0.80136,0.40998,0.96525,1.04473,0,0.9453,1,0.995,0.80117,0.9453,1,0.995,0.95883,0.74627,0.26054,1.30963,1.25444,0,0.0007526,0.0007526,0.0007526
65,59.9467,0.83595,0.5396,0.94607,1.08766,0,0.9453,1,0.995,0.80117,0.9453,1,0.995,0.95883,0.74627,0.26054,1.30963,1.25444,0,0.0007328,0.0007328,0.0007328
66,60.6919,0.74031,0.56155,0.93837,1.01527,0,0.88613,0.9,0.96192,0.7167,0.98701,1,0.995,0.93196,0.86997,0.28897,1.21997,1.27623,0,0.000713,0.000713,0.000713
67,61.4269,0.72172,0.50968,0.90489,1.02446,0,0.89808,0.8,0.95643,0.7354,0.95925,1,0.995,0.90142,0.82644,0.31592,1.25071,1.25177,0,0.0006932,0.0006932,0.0006932
68,62.1534,0.69583,0.44566,0.88884,1.0341,0,0.86384,0.9,0.94643,0.7675,0.8835,1,0.96773,0.87171,0.81074,0.33305,1.27316,1.24163,0,0.0006734,0.0006734,0.0006734
69,62.8604,0.75195,0.53235,0.91273,1.05722,0,0.86384,0.9,0.94643,0.7675,0.8835,1,0.96773,0.87171,0.81074,0.33305,1.27316,1.24163,0,0.0006536,0.0006536,0.0006536
70,63.6325,0.79185,0.54808,0.94051,1.06043,0,0.97168,1,0.995,0.70647,0.97168,1,0.995,0.90214,0.82065,0.28989,1.26349,1.21624,0,0.0006338,0.0006338,0.0006338
71,64.3638,0.79139,0.39907,0.95559,1.09374,0,0.96457,1,0.995,0.6964,0.96457,1,0.995,0.91303,0.79908,0.27896,1.1912,1.21789,0,0.000614,0.000614,0.000614
72,65.1769,0.73876,0.47139,1.00119,1.04466,0,0.96457,1,0.995,0.6964,0.96457,1,0.995,0.91303,0.79908,0.27896,1.1912,1.21789,0,0.0005942,0.0005942,0.0005942
73,65.9062,0.73317,0.47833,1.02469,1.01851,0,0.99122,1,0.995,0.69254,0.99122,1,0.995,0.90313,0.78328,0.27048,1.16289,1.22785,0,0.0005744,0.0005744,0.0005744
74,66.6639,0.73771,0.42377,0.89068,1.04178,0,0.99162,1,0.995,0.67413,0.99162,1,0.995,0.90204,0.81459,0.29701,1.16314,1.25763,0,0.0005546,0.0005546,0.0005546
75,67.3949,0.68041,0.39017,0.92371,1.01109,0,0.99162,1,0.995,0.67413,0.99162,1,0.995,0.90204,0.81459,0.29701,1.16314,1.25763,0,0.0005348,0.0005348,0.0005348
76,68.1541,0.72495,0.39947,0.93953,1.04358,0,0.89546,0.9,0.96833,0.70504,0.997,1,0.995,0.86466,0.8257,0.36788,1.15784,1.25746,0,0.000515,0.000515,0.000515
77,68.864,0.72722,0.40592,0.8633,1.02037,0,0.89947,0.9,0.95192,0.65317,1,0.99818,0.995,0.77716,0.83543,0.55517,1.16949,1.25962,0,0.0004952,0.0004952,0.0004952
78,69.5875,0.68853,0.5111,0.91836,1.02967,0,0.89947,0.9,0.95192,0.65317,1,0.99818,0.995,0.77716,0.83543,0.55517,1.16949,1.25962,0,0.0004754,0.0004754,0.0004754
79,70.4399,0.79068,0.50908,0.9415,1.05742,0,0.99344,1,0.995,0.70705,0.99344,1,0.995,0.81432,0.76638,0.52752,1.18108,1.21051,0,0.0004556,0.0004556,0.0004556
80,71.1765,0.77945,0.50444,0.95787,1.08382,0,0.99446,1,0.995,0.71397,0.99446,1,0.995,0.84164,0.73575,0.45806,1.12573,1.19637,0,0.0004358,0.0004358,0.0004358
81,71.9349,0.71075,0.47786,0.84679,1.02039,0,0.99446,1,0.995,0.71397,0.99446,1,0.995,0.84164,0.73575,0.45806,1.12573,1.19637,0,0.000416,0.000416,0.000416
82,72.6773,0.77593,0.44018,0.95877,1.07917,0,0.98721,1,0.995,0.78221,0.98721,1,0.995,0.90237,0.68502,0.31591,1.08291,1.18129,0,0.0003962,0.0003962,0.0003962
83,73.458,0.68656,0.48144,0.84501,0.99895,0,0.99716,1,0.995,0.78714,0.99716,1,0.995,0.92618,0.66122,0.27745,1.06346,1.16227,0,0.0003764,0.0003764,0.0003764
84,74.1898,0.71808,0.4877,0.86682,1.04114,0,0.93363,1,0.995,0.79792,0.93363,1,0.995,0.93863,0.68519,0.25542,1.05442,1.16252,0,0.0003566,0.0003566,0.0003566
85,74.9486,0.59868,0.45126,0.7697,0.94926,0,0.93363,1,0.995,0.79792,0.93363,1,0.995,0.93863,0.68519,0.25542,1.05442,1.16252,0,0.0003368,0.0003368,0.0003368
86,75.7188,0.67328,0.46093,0.90212,1.0492,0,0.99341,1,0.995,0.81338,0.99341,1,0.995,0.94492,0.71301,0.24681,1.06868,1.1673,0,0.000317,0.000317,0.000317
87,76.4472,0.6092,0.41022,0.80989,0.97723,0,0.96537,1,0.995,0.78881,0.96537,1,0.995,0.93686,0.70898,0.23707,1.07089,1.16131,0,0.0002972,0.0002972,0.0002972
88,77.1544,0.63636,0.40132,0.84083,0.98323,0,0.96537,1,0.995,0.78881,0.96537,1,0.995,0.93686,0.70898,0.23707,1.07089,1.16131,0,0.0002774,0.0002774,0.0002774
89,77.8656,0.70202,0.53427,0.88429,1.01779,0,0.97006,1,0.995,0.78376,0.97006,1,0.995,0.93923,0.70231,0.23,1.07745,1.15414,0,0.0002576,0.0002576,0.0002576
90,78.5871,0.658,0.42221,0.85096,1.02968,0,0.95762,1,0.995,0.78757,0.95762,1,0.995,0.9388,0.67491,0.23242,1.07512,1.14843,0,0.0002378,0.0002378,0.0002378
91,80.8613,0.63607,0.34073,1.11295,1.05329,0,0.95762,1,0.995,0.78757,0.95762,1,0.995,0.9388,0.67491,0.23242,1.07512,1.14843,0,0.000218,0.000218,0.000218
92,81.604,0.61791,0.33051,1.14763,1.04601,0,0.90743,1,0.995,0.80725,0.90743,1,0.995,0.94283,0.6221,0.23756,1.08387,1.14501,0,0.0001982,0.0001982,0.0001982
93,82.3342,0.74727,0.31348,1.24182,1.20764,0,0.89838,1,0.98591,0.78566,0.89838,1,0.98591,0.92972,0.61056,0.24317,1.1078,1.14204,0,0.0001784,0.0001784,0.0001784
94,83.0755,0.61419,0.29487,1.13007,1.06612,0,0.89838,1,0.98591,0.78566,0.89838,1,0.98591,0.92972,0.61056,0.24317,1.1078,1.14204,0,0.0001586,0.0001586,0.0001586
95,83.7902,0.6516,0.32029,1.13717,1.13479,0,0.89576,1,0.97682,0.80193,0.89576,1,0.97682,0.91758,0.59572,0.24095,1.11762,1.14386,0,0.0001388,0.0001388,0.0001388
96,84.5122,0.61134,0.33509,1.0293,1.02091,0,0.89593,1,0.96773,0.78524,0.89593,1,0.96773,0.91188,0.58744,0.24104,1.11343,1.14266,0,0.000119,0.000119,0.000119
97,85.2194,0.69127,0.36834,1.12633,1.16278,0,0.89593,1,0.96773,0.78524,0.89593,1,0.96773,0.91188,0.58744,0.24104,1.11343,1.14266,0,9.92e-05,9.92e-05,9.92e-05
98,85.9311,0.61917,0.31689,1.06364,1.05226,0,0.89578,1,0.97682,0.78903,0.89578,1,0.97682,0.91575,0.58005,0.24168,1.12015,1.1469,0,7.94e-05,7.94e-05,7.94e-05
99,86.6383,0.70541,0.30616,1.14816,1.25309,0,0.89496,1,0.97682,0.79718,0.89496,1,0.97682,0.92219,0.57326,0.23524,1.11279,1.14156,0,5.96e-05,5.96e-05,5.96e-05
100,87.3778,0.68999,0.32762,1.10138,1.10714,0,0.89737,1,0.97682,0.78549,0.89737,1,0.97682,0.91758,0.57258,0.23179,1.10215,1.14008,0,3.98e-05,3.98e-05,3.98e-05
