image,n_leaves
A299_rgb.png,1
A46_rgb.png,1
A60_rgb.png,1
B-113 - Kopya_rgb.png,1
B-133_rgb.png,1
B-39_rgb.png,1
B-40_rgb.png,1
B-473_rgb.png,1
B-477_rgb.png,1
B-53_rgb.png,1
B-570_rgb.png,1
B-571_rgb.png,1
B-603_rgb.png,1
B-768_rgb.png,1
B-769_rgb.png,1
138_rgb.png,1
184_rgb.png,1
1_rgb.png,1
235_rgb.png,1
261_rgb.png,1
390_rgb.png,1
3_rgb.png,1
403_rgb.png,1
43_rgb.png,1
45_rgb.png,1
462_rgb.png,1
51_rgb.png,1
52_rgb.png,1
A-13_rgb.png,1
A-15_rgb.png,1
A324_rgb.png,1
A386_rgb.png,1
A459_rgb.png,1
A51_rgb.png,1
A780_rgb.png,1
DSC_1594_rgb.png,1
DSC_1652_rgb.png,1
IMG_20190724_133749_rgb.png,1
IMG_20190729_170740_rgb.png,1
IMG_20190729_175750_rgb.png,1
IMG_20190729_175835_rgb.png,1
IMG_20190806_143217_rgb.png,1
