subset,image,leaf_px,leaf_frac,solidity,contrast,source,merges
Healthy,A299_rgb.png,66567,0.1387,0.977,86.1,sam,0
Healthy,A46_rgb.png,58709,0.1223,0.99,137.7,sam,1
Healthy,A60_rgb.png,90220,0.188,0.985,102.3,sam,2
Healthy,B-113 - Kopya_rgb.png,22265,0.0464,0.939,52.9,sam,1
Healthy,B-133_rgb.png,55535,0.1157,0.992,124.4,sam,2
Healthy,B-39_rgb.png,44876,0.0935,0.985,48.4,sam,0
Healthy,B-40_rgb.png,30953,0.0645,0.945,38.3,sam,0
Healthy,B-473_rgb.png,67074,0.1397,0.995,112.1,sam,2
Healthy,B-477_rgb.png,53322,0.1111,0.934,109.6,sam,1
Healthy,B-53_rgb.png,24440,0.0509,0.949,58.7,sam,0
Healthy,B-570_rgb.png,36266,0.0756,0.946,128.1,sam,2
Healthy,B-571_rgb.png,42623,0.0888,0.978,121.3,sam,1
Healthy,B-603_rgb.png,75994,0.1583,0.968,141.3,sam,2
Healthy,B-768_rgb.png,33122,0.069,0.975,115.3,sam,2
Healthy,B-769_rgb.png,26613,0.0554,0.991,119.3,sam,1
aculus_olearius,138_rgb.png,60501,0.126,0.908,68.6,sam,2
aculus_olearius,184_rgb.png,83837,0.1747,0.946,96.4,sam,1
aculus_olearius,1_rgb.png,93913,0.1957,0.92,157.9,colour-prior,0
aculus_olearius,235_rgb.png,50273,0.1047,0.888,113.1,sam,2
aculus_olearius,261_rgb.png,139120,0.2898,0.982,113.1,sam,2
aculus_olearius,390_rgb.png,89250,0.1859,0.97,124.4,sam,0
aculus_olearius,3_rgb.png,65792,0.1371,0.982,86.1,sam,1
aculus_olearius,403_rgb.png,69919,0.1457,0.992,102.0,sam,1
aculus_olearius,43_rgb.png,53420,0.1113,0.983,68.8,sam,0
aculus_olearius,45_rgb.png,56088,0.1168,0.95,133.8,sam,1
aculus_olearius,462_rgb.png,56618,0.118,0.993,117.6,sam,0
aculus_olearius,51_rgb.png,23785,0.0496,0.982,51.7,sam,0
aculus_olearius,52_rgb.png,23699,0.0494,0.86,51.3,sam,3
olive_peacock_spot,A-13_rgb.png,44982,0.0937,0.98,77.3,sam-box,2
olive_peacock_spot,A-15_rgb.png,46144,0.0961,0.993,77.7,colour-prior,0
olive_peacock_spot,A324_rgb.png,27532,0.0574,0.993,94.3,sam,0
olive_peacock_spot,A386_rgb.png,82286,0.1714,0.97,58.7,sam,2
olive_peacock_spot,A459_rgb.png,52403,0.1092,0.994,85.5,sam,1
olive_peacock_spot,A51_rgb.png,79634,0.1659,0.921,142.6,sam-box,2
olive_peacock_spot,A780_rgb.png,21343,0.0445,0.786,67.6,sam,2
olive_peacock_spot,DSC_1594_rgb.png,18164,0.0378,0.914,31.1,sam,0
olive_peacock_spot,DSC_1652_rgb.png,37004,0.0771,0.989,30.3,sam,0
olive_peacock_spot,IMG_20190724_133749_rgb.png,96001,0.2,0.973,91.6,sam-box,2
olive_peacock_spot,IMG_20190729_170740_rgb.png,46333,0.0965,0.926,90.8,sam,4
olive_peacock_spot,IMG_20190729_175750_rgb.png,77142,0.1607,0.991,145.2,sam,0
olive_peacock_spot,IMG_20190729_175835_rgb.png,47312,0.0986,0.923,93.8,sam,1
olive_peacock_spot,IMG_20190806_143217_rgb.png,73813,0.1538,0.975,107.0,sam,1
