image,inference_s,postprocess_s
plant001_rgb.png,0.315,0.025
plant002_rgb.png,0.040,0.015
plant005_rgb.png,0.038,0.014
plant007_rgb.png,0.038,0.014
plant008_rgb.png,0.038,0.013
plant010_rgb.png,0.035,0.012
plant011_rgb.png,0.036,0.013
plant012_rgb.png,0.036,0.012
plant013_rgb.png,0.038,0.012
plant016_rgb.png,0.037,0.011
plant017_rgb.png,0.037,0.012
plant018_rgb.png,0.036,0.012
plant021_rgb.png,0.035,0.012
plant022_rgb.png,0.035,0.013
plant024_rgb.png,0.035,0.013
plant026_rgb.png,0.035,0.013
plant027_rgb.png,0.036,0.013
plant029_rgb.png,0.035,0.013
plant030_rgb.png,0.036,0.013
plant031_rgb.png,0.035,0.013
plant033_rgb.png,0.035,0.013
plant035_rgb.png,0.036,0.012
plant036_rgb.png,0.035,0.013
plant037_rgb.png,0.036,0.013
plant038_rgb.png,0.036,0.013
plant040_rgb.png,0.036,0.013
plant042_rgb.png,0.035,0.013
plant043_rgb.png,0.035,0.013
plant044_rgb.png,0.036,0.013
plant045_rgb.png,0.036,0.013
plant046_rgb.png,0.036,0.013
plant047_rgb.png,0.037,0.012
plant048_rgb.png,0.038,0.013
plant049_rgb.png,0.036,0.012
plant050_rgb.png,0.037,0.013
plant051_rgb.png,0.036,0.013
plant052_rgb.png,0.035,0.013
plant053_rgb.png,0.035,0.013
plant057_rgb.png,0.036,0.014
plant058_rgb.png,0.036,0.012
plant059_rgb.png,0.037,0.013
plant061_rgb.png,0.036,0.014
plant062_rgb.png,0.038,0.013
plant063_rgb.png,0.037,0.012
plant064_rgb.png,0.037,0.013
plant065_rgb.png,0.036,0.013
plant068_rgb.png,0.036,0.013
plant069_rgb.png,0.036,0.013
plant070_rgb.png,0.036,0.013
plant071_rgb.png,0.036,0.013
plant072_rgb.png,0.035,0.013
plant073_rgb.png,0.036,0.013
plant076_rgb.png,0.036,0.012
plant077_rgb.png,0.035,0.012
plant078_rgb.png,0.035,0.013
plant079_rgb.png,0.035,0.012
plant080_rgb.png,0.035,0.013
plant082_rgb.png,0.035,0.013
plant083_rgb.png,0.035,0.013
plant084_rgb.png,0.036,0.012
plant085_rgb.png,0.035,0.013
plant086_rgb.png,0.036,0.013
plant088_rgb.png,0.036,0.014
plant090_rgb.png,0.035,0.014
plant091_rgb.png,0.035,0.013
plant092_rgb.png,0.036,0.013
plant094_rgb.png,0.035,0.013
plant096_rgb.png,0.035,0.014
plant098_rgb.png,0.035,0.013
plant099_rgb.png,0.035,0.012
plant100_rgb.png,0.035,0.012
plant101_rgb.png,0.035,0.012
plant102_rgb.png,0.035,0.013
plant104_rgb.png,0.035,0.012
plant105_rgb.png,0.037,0.013
plant106_rgb.png,0.035,0.013
plant107_rgb.png,0.035,0.013
plant108_rgb.png,0.035,0.012
plant109_rgb.png,0.035,0.013
plant110_rgb.png,0.035,0.013
plant113_rgb.png,0.036,0.013
plant114_rgb.png,0.035,0.014
plant115_rgb.png,0.035,0.013
plant116_rgb.png,0.035,0.013
plant119_rgb.png,0.036,0.013
plant120_rgb.png,0.035,0.012
plant121_rgb.png,0.035,0.013
plant123_rgb.png,0.035,0.013
plant124_rgb.png,0.035,0.013
plant126_rgb.png,0.035,0.014
plant127_rgb.png,0.035,0.014
plant128_rgb.png,0.035,0.014
plant129_rgb.png,0.035,0.013
plant130_rgb.png,0.035,0.013
plant132_rgb.png,0.037,0.014
plant133_rgb.png,0.035,0.014
plant134_rgb.png,0.035,0.014
plant137_rgb.png,0.035,0.013
plant138_rgb.png,0.035,0.014
plant139_rgb.png,0.035,0.013
plant141_rgb.png,0.035,0.013
plant142_rgb.png,0.035,0.014
plant143_rgb.png,0.036,0.013
plant144_rgb.png,0.035,0.013
plant145_rgb.png,0.035,0.013
plant146_rgb.png,0.035,0.014
plant147_rgb.png,0.036,0.014
plant148_rgb.png,0.037,0.014
plant149_rgb.png,0.098,0.012
plant151_rgb.png,0.036,0.012
plant152_rgb.png,0.035,0.014
plant153_rgb.png,0.035,0.013
plant156_rgb.png,0.037,0.014
plant159_rgb.png,0.036,0.014
plant161_rgb.png,0.036,0.014
