class,file,reason,md5
Healthy,B-14.JPG,duplicate_of_test,a544249b35ce6af7e5417d8c55029f36
Healthy,B-15.JPG,duplicate_of_test,7b4f959b3b909b873059a9a9daa4905b
Healthy,B-17.JPG,duplicate_of_test,6bc1a639be44f599dd7f8399a06623dd
Healthy,B-524.JPG,duplicate_of_test,4199d86285cbaee483095fbdfe9866a1
Healthy,B-54.JPG,duplicate_of_test,6bbfa62b097b43e51cb14d2e54ced6dd
Healthy,B-700.jpg,duplicate_of_test,3ae7dda11426a6a8cd0c265762c2a5d9
Healthy,B-701.jpg,duplicate_of_test,5edaaf58cc30ad65e6cd736da5f39c5e
Healthy,B-702.jpg,duplicate_of_test,6f52d8eaba1ef4daf97c439c2bfbbfaa
Healthy,B-703.jpg,duplicate_of_test,308188b391611e81a3ede6ad2d952cbb
Healthy,B-704.jpg,duplicate_of_test,b4f5b1760a4f546933ae0608d2b3b552
Healthy,B-705.jpg,duplicate_of_test,957b907341e01657fa8c5ccfc007ecf2
Healthy,B-706.jpg,duplicate_of_test,14318eab4573ea20a8f49565381f46bd
Healthy,B-707.jpg,duplicate_of_test,ad9d9fc6fa90ba7a78edfb5207a0098c
Healthy,B-708.jpg,duplicate_of_test,17480f54dbcef137a726fd6d86ea4b85
Healthy,B-709.jpg,duplicate_of_test,d0c82f80d6f4d657e73403f1b7ae7a43
Healthy,B-710.jpg,duplicate_of_test,3940708d028ecaeab4ba68828dad090f
Healthy,B-711.jpg,duplicate_of_test,ef295216d583a3438120148348a54bb3
Healthy,B-712.jpg,duplicate_of_test,f75e702e4777a7fdfd1624b56a440197
Healthy,B-713.jpg,duplicate_of_test,6519a84ddba115642bb566cd24feca15
Healthy,B-714.jpg,duplicate_of_test,1409324ea525973759be80c252af7940
Healthy,B-715.jpg,duplicate_of_test,13bac3c6ecac6f9ffc41b2e3d2be6280
Healthy,B-716.jpg,duplicate_of_test,645b10626ec28ab76c93a0095a21457c
Healthy,B-717.jpg,duplicate_of_test,7612c68f274eaa118944eceddfdf4bc2
Healthy,B-718.jpg,duplicate_of_test,8c17797562fcd4ef64c0c71aaf95f5da
Healthy,B-719.jpg,duplicate_of_test,8c2f884976f074d932486954f5d00f24
Healthy,B-720.jpg,duplicate_of_test,fd6c6482c2a391806199046a93d9ae07
Healthy,B-721.jpg,duplicate_of_test,377feb2dab31923e358e761a42fdb6d3
Healthy,B-722.jpg,duplicate_of_test,1727139b5723214b61324f629db11df8
Healthy,B-723.jpg,duplicate_of_test,998c2df472a1582e557e6803f2051e2e
Healthy,B-724.jpg,duplicate_of_test,cf8301c0e6ede780c2b3a950a1cf3fd7
Healthy,B-725.jpg,duplicate_of_test,26b1da4a432648bad3f6dc8bbbd60420
Healthy,B-726.jpg,duplicate_of_test,934f5797476f9a121945e7bec6df4808
Healthy,B-727.jpg,duplicate_of_test,fb600576e8a74b03898a29c688302843
Healthy,B-728.jpg,duplicate_of_test,3c716ab1f474affc1779c118e358c984
Healthy,B-729.jpg,duplicate_of_test,06fb1290488ffe9628eeaaf55e7b3eee
Healthy,B-730.jpg,duplicate_of_test,e6fce2e0ceb018b6b29fdf31062f412f
Healthy,B-731.jpg,duplicate_of_test,22f767d8c5e992298c6c3359d26a5ec4
Healthy,B-732.jpg,duplicate_of_test,b9b78c412da816a15284b82bbd052827
Healthy,B-733.jpg,duplicate_of_test,4b6d1bd6ecee83f44ac076c4cc61a86b
Healthy,B-734.jpg,duplicate_of_test,9d0ee57f2e389ddd81bf36a874eab058
Healthy,B-735.jpg,duplicate_of_test,c49923ca5dc563559988511fce47da24
Healthy,B-736.jpg,duplicate_of_test,bf35b951fb6f5876ae05c4fb0baa13f4
Healthy,B-737.jpg,duplicate_of_test,3280c32124bb1fdb034c033fc176ff79
Healthy,B-738.jpg,duplicate_of_test,b73f664a7b8e16c25a8b5d0b647f6382
Healthy,B-739.jpg,duplicate_of_test,aa43a8dbb326e7e08a9530425fd9374f
Healthy,B-740.jpg,duplicate_of_test,5080ee4c74f69057c4ef3ea738cccec2
Healthy,B-741.jpg,duplicate_of_test,17290a64b2203eb383ce19651f49de1d
Healthy,B-742.jpg,duplicate_of_test,57064782366ba38f4d421f732e7957c6
Healthy,B-743.jpg,duplicate_of_test,5f3c72177a08314640648eb2b2236e38
Healthy,B-744.JPG,duplicate_of_test,32b40ec05579e150041ef666d0ed8c6c
Healthy,B-745.JPG,duplicate_of_test,f48ed9be5792a4d26b7cd43b84051f2b
Healthy,B-746.JPG,duplicate_of_test,57a8c4b025e140ce0ef03632062065b7
Healthy,B-747.JPG,duplicate_of_test,4393f24b702a0dba182c14628f654e88
Healthy,B-748.JPG,duplicate_of_test,3daa135c5e1d0edcce91d24ce6f9b0d0
Healthy,B-749.JPG,duplicate_of_test,39b875161db250a69a0c9776fdb0aa47
Healthy,B-750.JPG,duplicate_of_test,09a8bb4465a0ec1b397e20c4a27afc2e
Healthy,B-751.JPG,duplicate_of_test,0fa60e361d1b1475781187993b7e227e
Healthy,B-752.JPG,duplicate_of_test,bf0c44d72d8eaa36a106b27c05ccd8c9
Healthy,B-753.JPG,duplicate_of_test,cc8b2d52b41a50029815889937723203
Healthy,B-754.JPG,duplicate_of_test,e307e95c5586cec41b25b10a09115ad9
Healthy,B-755.JPG,duplicate_of_test,50e3aba755efc2ce1c1051c6f8c8fca2
Healthy,B-756.JPG,duplicate_of_test,23a5f4f81666b8f19dff07831319d6f4
Healthy,B-760.JPG,duplicate_of_test,5b583d027c6319e1e9efd1bd59f8244e
Healthy,B-761.JPG,duplicate_of_test,f2f1f49929a10a8d2fc39d1f8427a0ca
Healthy,B-762.JPG,duplicate_of_test,74350a9a4d02ce7acb65a1b0821d2811
Healthy,B-763.JPG,duplicate_of_test,9ba8e753d84d281e1ba75ed27ee6dac4
Healthy,B-764.jpg,duplicate_of_test,ab4268a3d2dddc753b997b1da785a26c
Healthy,B-765.JPG,duplicate_of_test,a414095e80b9711c2d1ee15d2467c9fd
Healthy,B-766.JPG,duplicate_of_test,c1fdfa5d7dc7dbd146b7b190a05242ed
Healthy,B-767.JPG,duplicate_of_test,a84bd5e69b3cf462e809c501c27c958c
Healthy,B-768.JPG,duplicate_of_test,c3ccf77b0f3e37477474f3bd39d931bb
Healthy,B-769.JPG,duplicate_of_test,bec364b0339d80d79ecc41a624ef5736
Healthy,B-770.JPG,duplicate_of_test,0bd1ddfd25f10d8d7b19788e171f91bd
Healthy,B-771.JPG,duplicate_of_test,890a487568f00679003149bdfbc11aa9
Healthy,B-772.JPG,duplicate_of_test,9fc6071def185335c09695ee461214b0
Healthy,B-773.JPG,duplicate_of_test,17121571af69570625811039afe4382b
Healthy,B-774.JPG,duplicate_of_test,c6355b971304e52d4e210e146db5569b
Healthy,B-775.JPG,duplicate_of_test,864fde5e257336a9bec1510ab809ce8f
Healthy,B-777.JPG,duplicate_of_test,717f58119e5d392efdd2e784b6d924af
Healthy,B-778.JPG,duplicate_of_test,b047496f27944888aad19cf3823a5263
Healthy,B-779.JPG,duplicate_of_test,8b6b1e3c4a9e0e44f782d8d446dcc645
Healthy,B-801.JPG,duplicate_of_test,ac4b839b7a2872dd3efe97e8a8c07188
Healthy,B-802.JPG,duplicate_of_test,f42fd2af08e2cad4d4f7b9669dad9235
Healthy,DSC_0017.JPG,duplicate_of_test,5bb8c64eea33c7c437d5a9339cbcc760
Healthy,DSC_0024.JPG,duplicate_of_test,98f62cb76f071893944e929a443019c0
Healthy,DSC_0037.JPG,duplicate_of_test,f1d8832da46368739e1a5add3ff57e2e
Healthy,DSC_0064.JPG,duplicate_of_test,1cc211a3b49b08433a76ff054a9677da
Healthy,IMG_20190724_133214.jpg,duplicate_of_test+burst_near_duplicate,326c63a10e1d083f4c94754686593183
Healthy,IMG_20190729_170319.jpg,duplicate_of_test+burst_near_duplicate,9326a24f21e18a687195362908a7ee55
Healthy,IMG_20190729_170325.jpg,duplicate_of_test+burst_near_duplicate,0d2eac3a4e0b01511d2dcca4d1251447
Healthy,IMG_20190729_170410.jpg,duplicate_of_test+burst_near_duplicate,b965df7059e5eccf671840fbf674f1c7
Healthy,IMG_20190729_170416.jpg,duplicate_of_test+burst_near_duplicate,bebc2c089de4abbdf3bfbe0050dd4462
Healthy,IMG_20190729_170712.jpg,duplicate_of_test+burst_near_duplicate,70275d708011e29cc2684af2d3360a67
Healthy,IMG_20190729_170717.jpg,duplicate_of_test+burst_near_duplicate,ab26fcbbb9afc5a6ccc36a1cd4fbebca
Healthy,IMG_20190729_170756.jpg,duplicate_of_test+burst_near_duplicate,b98d3b811ba19e60aa80aaa28f46367a
Healthy,IMG_20190729_170800.jpg,duplicate_of_test+burst_near_duplicate,766401cba4708a0a6e8ea2b567db5c5e
Healthy,IMG_20190729_170911.jpg,duplicate_of_test+burst_near_duplicate,4c10736471836c4f9091a8f622da051d
Healthy,IMG_20190729_170915.jpg,duplicate_of_test+burst_near_duplicate,1ee27871a1268c0d1b0fae80b1cef983
Healthy,IMG_20190729_171107.jpg,duplicate_of_test+burst_near_duplicate,916c0d18dbef592cc846dc5397160dcd
Healthy,IMG_20190729_171112.jpg,duplicate_of_test+burst_near_duplicate,c9778f385fbce60978e5d20c16560dff
Healthy,IMG_20190729_171130.jpg,duplicate_of_test+burst_near_duplicate,1e0e817e8ebfff25c6a698c08f556498
Healthy,IMG_20190729_171132.jpg,duplicate_of_test+burst_near_duplicate,2b89d8fb003d70ce5baa2cbdbc5cadab
Healthy,IMG_20190729_171436.jpg,duplicate_of_test+burst_near_duplicate,52592419ab49c0e718a63ec52e3bfdf2
Healthy,IMG_20190729_171443.jpg,duplicate_of_test+burst_near_duplicate,dd5ecc4a66535e9a37ff2a1c155b4fba
Healthy,IMG_20190729_171458.jpg,duplicate_of_test+burst_near_duplicate,c36ddcc77eaf283caea25575abb205a3
Healthy,IMG_20190806_151524.jpg,burst_near_duplicate,070bcb35b147014d43cac5baa12793d3
Healthy,IMG_20190806_163917.jpg,burst_near_duplicate,f981ed0af004bb4815da5781c307cc94
aculus_olearius,1.JPG,duplicate_of_test,7b892d77c38df6152590b4486d76dbf6
aculus_olearius,353.jpg,duplicate_of_test,b9ddb75fa44a7c09c49a389cf2379b7c
aculus_olearius,38.JPG,duplicate_of_test,412bb30f63e0e9950961f61b41939bcf
aculus_olearius,50.JPG,duplicate_of_test,e36809bfc4def22d9c452a444d1bb9ff
aculus_olearius,51.JPG,duplicate_of_test,3983d279d03da38b5c2b8295afb23f39
aculus_olearius,54.jpg,duplicate_of_test,b15b27e179f909ce06356dd93604d4ed
olive_peacock_spot,IMG_20190729_182354.jpg,burst_near_duplicate,4a2f21871d09dc492216631936a50fde
olive_peacock_spot,IMG_20190806_151545.jpg,duplicate_of_test,5f3cf2f5d5b1bc84f85c638708cf27a5
olive_peacock_spot,IMG_20190806_152110.jpg,burst_near_duplicate,15798dd928fd4c8a0fa9f97f45ccb508
olive_peacock_spot,IMG_20190806_152113.jpg,burst_near_duplicate,4797c2be8302201d976115ed68b9abec
olive_peacock_spot,IMG_20190806_152116.jpg,burst_near_duplicate,b9113905a3d1e1e21c3a70bc0f518648
olive_peacock_spot,IMG_20190806_152120.jpg,burst_near_duplicate,c09ba352880356b396ff725e210405f3
olive_peacock_spot,IMG_20190806_152155.jpg,burst_near_duplicate,1b110db0226a5e869ec7447166bf63fc
olive_peacock_spot,IMG_20190806_152229.jpg,burst_near_duplicate,fba70ea37b4f19d99b5786611e18587c
olive_peacock_spot,IMG_20190806_152233.jpg,burst_near_duplicate,3bbf2291a6dc356b142cc7362c15b6cb
olive_peacock_spot,IMG_20190806_152236.jpg,burst_near_duplicate,ccc5fd03898a67bc6f527c8358972c43
olive_peacock_spot,IMG_20190806_152349.jpg,burst_near_duplicate,02dc7d7d7bcaaf46cb67338364810ed6
olive_peacock_spot,IMG_20190806_152355.jpg,burst_near_duplicate,07c9da691df47c6d2100d8e9371249f8
olive_peacock_spot,IMG_20190806_152400.jpg,burst_near_duplicate,222cdb9a3ed21a596800b88d1dbccaf0
olive_peacock_spot,IMG_20190806_152403.jpg,burst_near_duplicate,91ca09117875ab0bac66bf92de6faa20
olive_peacock_spot,IMG_20190806_152430.jpg,burst_near_duplicate,ebd017ea30d64a16bbd8a2ab4ab714cc
olive_peacock_spot,IMG_20190806_152433.jpg,burst_near_duplicate,1905b2ddefd75a680951fe634acfad35
olive_peacock_spot,IMG_20190806_152607.jpg,burst_near_duplicate,83ad2f722ac6fbf91d6c73f4f69e7c83
olive_peacock_spot,IMG_20190806_152615.jpg,burst_near_duplicate,99bbd34c6440103561bc701afd3393c5
olive_peacock_spot,IMG_20190806_152711.jpg,burst_near_duplicate,f74d78f278bfd6421687940882e10fdb
olive_peacock_spot,IMG_20190806_152715.jpg,burst_near_duplicate,982a359e40b33cccf439b1d8f0678f23
olive_peacock_spot,IMG_20190806_152731.jpg,burst_near_duplicate,4f5dfff289d22de49b66e50d24de731a
olive_peacock_spot,IMG_20190806_152740.jpg,burst_near_duplicate,5e2b7cf33bb0f0a322d103ed465c020a
olive_peacock_spot,IMG_20190806_152748.jpg,burst_near_duplicate,bf5d1ba63bc52197f1e2a10b769ac7d3
olive_peacock_spot,IMG_20190806_152902.jpg,burst_near_duplicate,93af5a65942a2cd86c1245ba3c3e3d6d
olive_peacock_spot,IMG_20190806_152905.jpg,duplicate_of_test+burst_near_duplicate,50160cf133862761459c20742ce6396e
olive_peacock_spot,IMG_20190806_152909.jpg,burst_near_duplicate,13d1dae863e15692ae23efe50f2e7123
olive_peacock_spot,IMG_20190806_153036.jpg,burst_near_duplicate,ce26ca6ea58682ef241b2ca56a2afd81
olive_peacock_spot,IMG_20190806_153052.jpg,burst_near_duplicate,5906fee9355804c6fc5b6729fa8b1811
olive_peacock_spot,IMG_20190806_153055.jpg,burst_near_duplicate,6117a0c736ba8686933109eb62bb5e5a
olive_peacock_spot,IMG_20190806_153058.jpg,burst_near_duplicate,5b9cc3d52ceb633eba0f1834831514de
olive_peacock_spot,IMG_20190806_153102.jpg,burst_near_duplicate,274e9a856481832a88c5d586362b2a64
olive_peacock_spot,IMG_20190806_153116.jpg,burst_near_duplicate,11c357d6aed6a8f8cb78be6dc4cde90e
olive_peacock_spot,IMG_20190806_153120.jpg,burst_near_duplicate,f63d2b3f66e6d719ca3c073e38c374b7
olive_peacock_spot,IMG_20190806_153124.jpg,burst_near_duplicate,d4268664efd5c221c444ea1dcaec675c
olive_peacock_spot,IMG_20190806_153127.jpg,burst_near_duplicate,db57b99f8191d296df932acdf99c3d53
olive_peacock_spot,IMG_20190806_153154.jpg,burst_near_duplicate,e27a1d342af4af896ba6a99c1fbe2d14
olive_peacock_spot,IMG_20190806_153158.jpg,burst_near_duplicate,3100e01a14f12c31dd345d97029f004f
olive_peacock_spot,IMG_20190806_153213.jpg,burst_near_duplicate,8488d14c26f7a2682d8b3dc0bf15ef07
olive_peacock_spot,IMG_20190806_153247.jpg,burst_near_duplicate,6789d5545bf8317aa36cb40808d525a7
olive_peacock_spot,IMG_20190806_153250.jpg,burst_near_duplicate,cfa8efb71c33a65bfae1f3dcd8fff29c
olive_peacock_spot,IMG_20190806_153253.jpg,burst_near_duplicate,a9f690f3c45eff0cc9539d8d6c5ec675
olive_peacock_spot,IMG_20190806_153257.jpg,burst_near_duplicate,761d01e6ad5302ddfe4e87c36d0a6a1b
olive_peacock_spot,IMG_20190806_153359.jpg,burst_near_duplicate,e288603287c7d016e79471dad8f73b98
olive_peacock_spot,IMG_20190806_153402.jpg,burst_near_duplicate,6fc7d853801fbbe4010087b6bd13ae84
olive_peacock_spot,IMG_20190806_153406.jpg,burst_near_duplicate,fffc1dcfff5f7fcd0f1f76aae74ef69a
olive_peacock_spot,IMG_20190806_153417.jpg,burst_near_duplicate,ae337a24fd5947651e7dfc4b7f7a7c89
olive_peacock_spot,IMG_20190806_153425.jpg,burst_near_duplicate,a3d20ec80d67adee79f265327dad959e
olive_peacock_spot,IMG_20190806_153428.jpg,burst_near_duplicate,e20283d91c79e7ce989f397e76b33b13
olive_peacock_spot,IMG_20190806_153432.jpg,burst_near_duplicate,6ca7647a44e6d65cef96ea50afe1030e
olive_peacock_spot,IMG_20190806_153502.jpg,burst_near_duplicate,fa617afe1fac051d0e938de79a965f08
olive_peacock_spot,IMG_20190806_153506.jpg,burst_near_duplicate,ba708864d1cb02f6c78d30b300c82f22
olive_peacock_spot,IMG_20190806_153510.jpg,burst_near_duplicate,3f58c766999d74649220653c14437635
olive_peacock_spot,IMG_20190806_153605.jpg,burst_near_duplicate,fccb3531344db86f7fc369ff30ef353b
olive_peacock_spot,IMG_20190806_153610.jpg,burst_near_duplicate,11125d7d1b71afd663939e5aca2d26f1
olive_peacock_spot,IMG_20190806_153614.jpg,burst_near_duplicate,7856fb0326796ccda69b97b9604c3215
olive_peacock_spot,IMG_20190806_153636.jpg,burst_near_duplicate,a5510d5f6f8631c9da71641bf9864f24
olive_peacock_spot,IMG_20190806_153640.jpg,burst_near_duplicate,d821a9d0be89aeb2fcdfdbc7375b66c2
olive_peacock_spot,IMG_20190806_153645.jpg,burst_near_duplicate,58f5d18aaacc7836e9120a4056b57369
olive_peacock_spot,IMG_20190806_153648.jpg,burst_near_duplicate,1c3e82425d1fb166189cbdcba1da14b1
olive_peacock_spot,IMG_20190806_153720.jpg,burst_near_duplicate,f11ef808444a93944f826fc830d466ad
olive_peacock_spot,IMG_20190806_153727.jpg,burst_near_duplicate,3527d8c1a54cbbd622e73a2f787ffbb1
olive_peacock_spot,IMG_20190806_153737.jpg,burst_near_duplicate,ea73e954d44530cd9ea5407c7677ee7f
olive_peacock_spot,IMG_20190806_153739.jpg,burst_near_duplicate,61c56647efb0ae04892d3297d0a1068d
olive_peacock_spot,IMG_20190806_153748.jpg,burst_near_duplicate,69f246afce596984f6c22d18561a00fd
olive_peacock_spot,IMG_20190806_153751.jpg,burst_near_duplicate,0b3e9c02db54de189924c5493759d554
olive_peacock_spot,IMG_20190806_153804.jpg,burst_near_duplicate,8138fba37618c3bb484c983bcdbea009
olive_peacock_spot,IMG_20190806_153816.jpg,burst_near_duplicate,7b75049607d870e91038302f0e7426d7
olive_peacock_spot,IMG_20190806_153821.jpg,burst_near_duplicate,7b5f07ab02f3365ce15f15df33656bdb
olive_peacock_spot,IMG_20190806_153903.jpg,burst_near_duplicate,9663c3f5f4bb4d2695e1a90d2bc2ec05
olive_peacock_spot,IMG_20190806_153907.jpg,burst_near_duplicate,029c788fb23d6b27a7f5103832052c6e
olive_peacock_spot,IMG_20190806_153914.jpg,burst_near_duplicate,4a3320fef7d97fc52e17382b3d1c0754
olive_peacock_spot,IMG_20190806_153917.jpg,burst_near_duplicate,607df2aace4bdae71d7dd13fb6a2c31e
olive_peacock_spot,IMG_20190806_153936.jpg,burst_near_duplicate,5af1df16845aa44df3e26ffea3b1e34c
olive_peacock_spot,IMG_20190806_153943.jpg,burst_near_duplicate,35c9f3ae3f886511c14346152c9f9843
olive_peacock_spot,IMG_20190806_153947.jpg,burst_near_duplicate,03d90c2215589eb07ce50489c3871d3f
olive_peacock_spot,IMG_20190806_153952.jpg,burst_near_duplicate,3a7920e2398b615b3f0d8fac6d1a3d65
olive_peacock_spot,IMG_20190806_154002.jpg,burst_near_duplicate,f4e97c357aeda65e1cbec936514b2dd8
olive_peacock_spot,IMG_20190806_154005.jpg,burst_near_duplicate,0d77364ec3bf9352e9036c03cb57019a
olive_peacock_spot,IMG_20190806_154009.jpg,burst_near_duplicate,c8d7cd153dd16535bb728f8ce1fe22d3
olive_peacock_spot,IMG_20190806_161913.jpg,burst_near_duplicate,d91b024c6eb9d638cf640b13c110869d
olive_peacock_spot,IMG_20190806_161923.jpg,burst_near_duplicate,158c4c3828b1760775cf62862c8f1169
olive_peacock_spot,IMG_20190806_162001.jpg,burst_near_duplicate,d19de24133b51099db1c7d150eb6d3a3
olive_peacock_spot,IMG_20190806_162823.jpg,burst_near_duplicate,6dd28a4dc370c29d731db5bdcb18d271
olive_peacock_spot,IMG_20190806_162900.jpg,burst_near_duplicate,b9546a77e865da2bb38ea53d7b50574b
olive_peacock_spot,IMG_20190806_162916.jpg,burst_near_duplicate,e7737ccd4ba8b827d15a5271316c4d9e
olive_peacock_spot,IMG_20190806_163107.jpg,burst_near_duplicate,8118f92e5a9f92233374f42655e500c2
olive_peacock_spot,IMG_20190806_163823.jpg,burst_near_duplicate,797de6535943ce3ad98023f5fcffecfb
olive_peacock_spot,IMG_20190806_163828.jpg,burst_near_duplicate,af6d2c67e3e8748b737fdb900922dd18
olive_peacock_spot,IMG_20190806_163840.jpg,burst_near_duplicate,e44332cca55916f850a587e06e54a869
olive_peacock_spot,IMG_20190806_163852.jpg,burst_near_duplicate,b304ecf8d8c35a3fae3dcc058f8638ee
olive_peacock_spot,IMG_20190806_163857.jpg,burst_near_duplicate,3da8e7ea9f3d0a3d5527872b17e1eaaa
olive_peacock_spot,IMG_20190806_163908.jpg,burst_near_duplicate,ed3dd070afcce18a230a281b463e91ee
olive_peacock_spot,IMG_20190806_164025.jpg,burst_near_duplicate,fd379fc48e47f1dda6433a524be2aae1
olive_peacock_spot,IMG_20190806_164029.jpg,burst_near_duplicate,ae743585aa72144fdd4131d2bb159884
olive_peacock_spot,IMG_20190806_164035.jpg,burst_near_duplicate,e33a7efde6957099a2e20de43f6a0fc2
olive_peacock_spot,IMG_20190806_164054.jpg,burst_near_duplicate,852422feded512a2d930c87e57dccdad
olive_peacock_spot,IMG_20190806_164101.jpg,burst_near_duplicate,a68347153414b1a63802354291b3f87e
olive_peacock_spot,IMG_20190806_164208.jpg,burst_near_duplicate,ef3581a59d25058bb00f67c6f56a05ba
olive_peacock_spot,IMG_20190806_164211.jpg,burst_near_duplicate,6e573a5f1f7f7c76708ed8b5d9cd39fa
olive_peacock_spot,IMG_20190806_164215.jpg,burst_near_duplicate,aab2586f23293857a1de752c6bebd845
olive_peacock_spot,IMG_20190806_164309.jpg,burst_near_duplicate,5d12647e7acbe7c3fa077271de16c5c0
olive_peacock_spot,IMG_20190806_164312.jpg,burst_near_duplicate,92324980db818b44c8e4c1ae164e6617
olive_peacock_spot,IMG_20190806_164503.jpg,burst_near_duplicate,a6125f00f6f4e96ab3cbaa7626310c92
olive_peacock_spot,IMG_20190806_164729.jpg,burst_near_duplicate,4007b0275e898674257065194fe09749
olive_peacock_spot,IMG_20190806_164732.jpg,burst_near_duplicate,9bff6e73443f0ec91c359275f083e963
olive_peacock_spot,IMG_20190806_164737.jpg,burst_near_duplicate,8e74c754ec047d14c92ee8d58664c86f
olive_peacock_spot,IMG_20190806_164740.jpg,burst_near_duplicate,4df59b8068a96637d7f1e9c4be19723a
olive_peacock_spot,IMG_20190806_164802.jpg,burst_near_duplicate,bd46aedb50bf363a7e82a9631ebca2db
olive_peacock_spot,IMG_20190806_164808.jpg,burst_near_duplicate,734a87dcef07aaee5f6f7cedb616e555
olive_peacock_spot,IMG_20190806_164811.jpg,burst_near_duplicate,e8c5b1b34632f2f79af21cdebecd3ed4
olive_peacock_spot,IMG_20190806_164829.jpg,burst_near_duplicate,144dd5e6cc230e989c3d2f084a53aaf5
olive_peacock_spot,IMG_20190806_164832.jpg,burst_near_duplicate,8f9a733c08c604a098ffdd350db7fd92
olive_peacock_spot,IMG_20190806_164858.jpg,burst_near_duplicate,733446e80e96c31902f13677b84cbb1a
olive_peacock_spot,IMG_20190806_164901.jpg,burst_near_duplicate,b3d382f541df9aef3cf5db58bd688751
olive_peacock_spot,IMG_20190806_164917.jpg,burst_near_duplicate,4337c31afd6629a2aef72f9d1864fdfe
olive_peacock_spot,IMG_20190806_164920.jpg,burst_near_duplicate,4f5aafbb371f75a3ca8a99048560b6e0
olive_peacock_spot,IMG_20190806_165048.jpg,burst_near_duplicate,7fccd83e2bceac5c03bc2b00b4ef7c3f
olive_peacock_spot,IMG_20190806_165052.jpg,burst_near_duplicate,a2fe9dfad8e5862f963258000b8c63be
olive_peacock_spot,IMG_20190806_165056.jpg,burst_near_duplicate,2ac235cee3c6af04368b9be4de8b92b5
olive_peacock_spot,IMG_20190806_165100.jpg,burst_near_duplicate,953e99b1bd2386231b20c5771aee4bcd
olive_peacock_spot,IMG_20190806_165143.jpg,burst_near_duplicate,fe3369454298ea84e680a8d916de3e88
olive_peacock_spot,IMG_20190806_165147.jpg,burst_near_duplicate,346c56272d623e715dcbee0c0197e012
olive_peacock_spot,IMG_20190806_165159.jpg,burst_near_duplicate,a83769972eba92c76c3f0327fb8d7559
olive_peacock_spot,IMG_20190806_165234.jpg,burst_near_duplicate,3be5cf8b096434bd886f3fec59e43252
olive_peacock_spot,IMG_20190806_165237.jpg,burst_near_duplicate,193194b5cfd1891322c12aa6d2f1b3f9
olive_peacock_spot,IMG_20190806_165244.jpg,burst_near_duplicate,8911d71fe0bb4b0d6d5386644925b352
olive_peacock_spot,IMG_20190806_165248.jpg,burst_near_duplicate,1c685e01f1ab633b0680e1c195982641
olive_peacock_spot,IMG_20190806_165316.jpg,burst_near_duplicate,bf0ddfa067d2d23e86b1f0778e523237
olive_peacock_spot,IMG_20190806_165320.jpg,burst_near_duplicate,7160e9f5dc88fc34b94ea4f81c38bb70
olive_peacock_spot,IMG_20190806_165327.jpg,burst_near_duplicate,1f391302757dbf2d6d0d93e432965658
olive_peacock_spot,IMG_20190806_165330.jpg,burst_near_duplicate,fb69e1c894c5386aaf107fe874095747
olive_peacock_spot,IMG_20190806_165341.jpg,burst_near_duplicate,bcbda5fa823e6d0854a5a5664741bccb
olive_peacock_spot,IMG_20190806_165352.jpg,burst_near_duplicate,1aa32534afe6e5e4b16e3035a85caf11
olive_peacock_spot,IMG_20190806_165356.jpg,burst_near_duplicate,83fedef43c8430ab01403fe3605c2d5b
olive_peacock_spot,IMG_20190806_165408.jpg,burst_near_duplicate,e4bc5a8e892afc86fb03325ff662c798
olive_peacock_spot,IMG_20190806_165417.jpg,burst_near_duplicate,06f8c17b99e6ff8d364b1f5021c5c33d
olive_peacock_spot,IMG_20190806_165420.jpg,burst_near_duplicate,177f9902b081d6848ec66ac8257ec0f8
olive_peacock_spot,IMG_20190806_165423.jpg,burst_near_duplicate,02deae15319c7e281f3813ff53c18515
olive_peacock_spot,IMG_20190806_165437.jpg,burst_near_duplicate,6c21939f03ca8023ac04f4f203081ad5
olive_peacock_spot,IMG_20190806_165440.jpg,burst_near_duplicate,f2705d904bad01a8fca43bbb5c574d73
olive_peacock_spot,IMG_20190806_165447.jpg,burst_near_duplicate,bf1ceefb91afdf3c6c0871adc5f6d759
olive_peacock_spot,IMG_20190806_165450.jpg,burst_near_duplicate,a9cb9d5dad11f8a8537b41a3cda0d499
olive_peacock_spot,IMG_20190806_165510.jpg,burst_near_duplicate,26025e42f976a1e1ea6e7ad712422fa1
olive_peacock_spot,IMG_20190806_165540.jpg,burst_near_duplicate,8768d55cda457702e39d6b0abb4ac0f6
olive_peacock_spot,IMG_20190806_165546.jpg,burst_near_duplicate,aed60e5e6e0c3b89c706301a868ae72d
olive_peacock_spot,IMG_20190806_165550.jpg,burst_near_duplicate,f2f492227cc4620cd283565a1004e13f
olive_peacock_spot,IMG_20190806_165553.jpg,burst_near_duplicate,dc5234670efe9c808d8b6e9936b16229
olive_peacock_spot,IMG_20190806_165627.jpg,burst_near_duplicate,baa596c49c6d5bf630a3258d427199bf
olive_peacock_spot,IMG_20190806_165634.jpg,burst_near_duplicate,7748a40f86bb2e7683ee7a1db5de654f
olive_peacock_spot,IMG_20190806_165638.jpg,burst_near_duplicate,4b7892e171119b8263ffedf7357079a1
olive_peacock_spot,IMG_20190806_165641.jpg,burst_near_duplicate,0cac61e1b9bcac5f9d650b05f32fa6a3
olive_peacock_spot,IMG_20190806_165654.jpg,burst_near_duplicate,7146b6d5dca2eba6a2eaef1901a08500
olive_peacock_spot,IMG_20190806_165706.jpg,burst_near_duplicate,f049761955fde82f7cd302b56f3c1f3e
olive_peacock_spot,IMG_20190806_165715.jpg,burst_near_duplicate,c35c8f764895bff8bdcfb8268b4add44
olive_peacock_spot,IMG_20190806_165718.jpg,burst_near_duplicate,e9faa5f55b925f05a080990d669a4a1e
olive_peacock_spot,IMG_20190806_165723.jpg,burst_near_duplicate,ce9696345661b88a40d75c2fa5e39c61
olive_peacock_spot,IMG_20190806_165726.jpg,burst_near_duplicate,316f624b10215e708cd4c15ca1a3a3a2
olive_peacock_spot,IMG_20190806_165728.jpg,burst_near_duplicate,f260cf46ba3c30e78aa4d7b1ae30c2b9
olive_peacock_spot,IMG_20190806_165819.jpg,burst_near_duplicate,f10d0a92559d340ba22059f8815ab2f4
olive_peacock_spot,IMG_20190806_165822.jpg,burst_near_duplicate,a1e6a752ad6673186cc8ffff7d8597bd
olive_peacock_spot,IMG_20190806_165825.jpg,burst_near_duplicate,690b4fe2dd97affd2f846d1423930692
olive_peacock_spot,IMG_20190806_165940.jpg,burst_near_duplicate,ef0e91adafde1231fda80fffeebfb4e3
olive_peacock_spot,IMG_20190806_165942.jpg,burst_near_duplicate,094921a8d2780b6aa56a9cef58ce9281
olive_peacock_spot,IMG_20190806_165945.jpg,burst_near_duplicate,04644ef034eda8f973ae188a8085e587
olive_peacock_spot,IMG_20190806_170030.jpg,burst_near_duplicate,a9a68c4cbc618888018ba3efc3281725
olive_peacock_spot,IMG_20190806_171002.jpg,burst_near_duplicate,6a346a907fad84f988381897b4c65923
olive_peacock_spot,IMG_20190806_171006.jpg,burst_near_duplicate,573de9b087d2d1d384468291de00dd5a
olive_peacock_spot,IMG_20190806_171012.jpg,burst_near_duplicate,e239ec5365fa003cfe98f6fa3adfd13f
olive_peacock_spot,IMG_20190806_171015.jpg,burst_near_duplicate,69588655e54817b0d3c915dd51f65048
olive_peacock_spot,IMG_20190806_171222.jpg,burst_near_duplicate,b759e21ee49ab957fe664040259e69fe
olive_peacock_spot,IMG_20190806_171224.jpg,burst_near_duplicate,11efcaf5ad8f3d5c53ade9113b7610c4
olive_peacock_spot,IMG_20190806_171233.jpg,burst_near_duplicate,bd05d79e74dc5969a0ee1e93d1bd8f19
olive_peacock_spot,IMG_20190806_171241.jpg,burst_near_duplicate,8d50981f5f20bb1cfb5d4e111300bcd9
olive_peacock_spot,IMG_20190806_171243.jpg,burst_near_duplicate,20aba8452285453f9f7636f0154c5f55
olive_peacock_spot,IMG_20190806_171246.jpg,burst_near_duplicate,d48e29eda1cfc7498066a05e0402cb9e
olive_peacock_spot,IMG_20190806_171249.jpg,burst_near_duplicate,a899e67b42dcabd0e9e1c02ecf13549a
olive_peacock_spot,IMG_20190806_171252.jpg,burst_near_duplicate,d7b801fe4a0c916c5e6089b586bc11d5
olive_peacock_spot,IMG_20190806_171419.jpg,burst_near_duplicate,cf50357aed7544c4633f8e60a5e81e49
olive_peacock_spot,IMG_20190806_171422.jpg,burst_near_duplicate,f872b33a15222cb2b5f6c0a2fa2a711c
olive_peacock_spot,IMG_20190806_171428.jpg,burst_near_duplicate,cc95e9993bee3581e256c7312196692b
olive_peacock_spot,IMG_20190806_171431.jpg,burst_near_duplicate,4d1df7acb52bf9d5a5864e13b9db9d5e
olive_peacock_spot,IMG_20190806_171556.jpg,burst_near_duplicate,b34a5e3cfd5c8a74402cc1ed2c05c62b
olive_peacock_spot,IMG_20190806_171602.jpg,burst_near_duplicate,54d457e6f6e8f5d79114d89d3c43eee6
olive_peacock_spot,IMG_20190806_171613.jpg,burst_near_duplicate,f223ee2d3cc4c4a6200b55042083b86f
olive_peacock_spot,IMG_20190806_171624.jpg,burst_near_duplicate,f07047ca0b426a41ad36d2efa7008143
olive_peacock_spot,IMG_20190806_171628.jpg,burst_near_duplicate,958a3504fe92320579d50a67fe1640dd
olive_peacock_spot,IMG_20190806_171634.jpg,burst_near_duplicate,ba1a95e7442372e094f770a88098e25b
olive_peacock_spot,IMG_20190806_171638.jpg,burst_near_duplicate,3343982a8887af9ac71a3d87fd1c2afc
olive_peacock_spot,IMG_20190806_171657.jpg,burst_near_duplicate,afb52738e20657ca4522945029871f46
olive_peacock_spot,IMG_20190806_171701.jpg,burst_near_duplicate,1162e59ba282fb1912405e9ede7e8fca
olive_peacock_spot,IMG_20190806_171711.jpg,burst_near_duplicate,9d46e59b8187671ee80040647c3139ea
olive_peacock_spot,IMG_20190806_171719.jpg,burst_near_duplicate,0d07b57bffcf5e94ed2b711ad3242a7f
olive_peacock_spot,IMG_20190806_171722.jpg,burst_near_duplicate,aca974c594522d10d7af232865b5839e
olive_peacock_spot,IMG_20190806_171725.jpg,burst_near_duplicate,496e60bb4f73826bb0f54eae35c0b62e
olive_peacock_spot,IMG_20190806_171728.jpg,burst_near_duplicate,8a933ce9ab945d71d02744bf83d31d0b
olive_peacock_spot,IMG_20190806_171731.jpg,burst_near_duplicate,dd688cbf43ee308ed54251dd2efc8083
olive_peacock_spot,IMG_20190806_171857.jpg,burst_near_duplicate,11dcf431b42145346e3558650cd19bb7
olive_peacock_spot,IMG_20190806_171859.jpg,burst_near_duplicate,45aeaa4185464ed6379a5a27da5e6c09
olive_peacock_spot,IMG_20190806_171906.jpg,burst_near_duplicate,fb8bffc1432d5764dcb68326bb77b8d5
olive_peacock_spot,IMG_20190806_172008.jpg,burst_near_duplicate,808fa30d4220662b30b5c9fcc513f756
olive_peacock_spot,IMG_20190806_172018.jpg,burst_near_duplicate,f9cdb06f892f6deafa2097ac1049589f
olive_peacock_spot,IMG_20190806_172021.jpg,burst_near_duplicate,e73b719f2f5029cbcb931d1687ae18cb
olive_peacock_spot,IMG_20190806_172928.jpg,burst_near_duplicate,23f4114bda8c5b130e258c87db68192f
olive_peacock_spot,IMG_20190806_172932.jpg,burst_near_duplicate,85848b63c0858aec9eae61bbaaa62860
olive_peacock_spot,IMG_20190806_172941.jpg,burst_near_duplicate,429ee7f693235de22da39fd9a5213553
olive_peacock_spot,IMG_20190806_172952.jpg,burst_near_duplicate,542935369131eeb51d1fc962093c9026
olive_peacock_spot,IMG_20190806_173224.jpg,burst_near_duplicate,1e245b435bdd56014bebf5f14ffaf558
olive_peacock_spot,IMG_20190806_173234.jpg,burst_near_duplicate,73790ffa98b12044a25ab759107a96de
olive_peacock_spot,IMG_20190806_173242.jpg,burst_near_duplicate,706f6c1d5e5222049a7b4ad5a5d88352
olive_peacock_spot,IMG_20190806_173245.jpg,burst_near_duplicate,b87b651e2fc8cbe21b816808c27e1071
olive_peacock_spot,IMG_20190806_173252.jpg,burst_near_duplicate,cdb0560cce723c41c1e67d2418d7445c
olive_peacock_spot,IMG_20190806_173705.jpg,burst_near_duplicate,658856859025261e476af060632ce2d0
olive_peacock_spot,IMG_20190806_173709.jpg,burst_near_duplicate,97aadf86e88187a33bee728c18d1625a
olive_peacock_spot,IMG_20190806_173712.jpg,burst_near_duplicate,ce082d7306c37587148c045ffe088931
olive_peacock_spot,IMG_20190806_173715.jpg,burst_near_duplicate,40cdb6220fe653bdedf8b43c7cb9678d
olive_peacock_spot,IMG_20190806_173746.jpg,burst_near_duplicate,d5efa216c3937d8b375fe320a6b99668
olive_peacock_spot,IMG_20190806_173749.jpg,burst_near_duplicate,01d64c8802fc105e99211b1eebcdd397
olive_peacock_spot,IMG_20190806_173752.jpg,burst_near_duplicate,6156777e3072e46ca2ad6850c477247d
olive_peacock_spot,IMG_20190806_173806.jpg,burst_near_duplicate,0dd6345954f5dad980283a00e074803c
olive_peacock_spot,IMG_20190806_173809.jpg,burst_near_duplicate,6da8e0f9e7f55083222e2f8548f72773
olive_peacock_spot,IMG_20190806_173812.jpg,burst_near_duplicate,37a8e93a20f1c99f0648de6a136a6809
olive_peacock_spot,IMG_20190806_173900.jpg,burst_near_duplicate,9cf699293a8443d973c4eb69d324b420
olive_peacock_spot,IMG_20190806_173903.jpg,burst_near_duplicate,c4c99c665fb474be3c18cbb776556506
olive_peacock_spot,IMG_20190806_173931.jpg,burst_near_duplicate,1a6f109e8c787e7c72e34078f7f1d827
olive_peacock_spot,IMG_20190806_173934.jpg,burst_near_duplicate,f05923315a98f58226fd580a2a6cbda5
olive_peacock_spot,IMG_20190806_173938.jpg,burst_near_duplicate,3fbadf1a5ae19471ad0fd5779c1b4f93
olive_peacock_spot,IMG_20190806_173942.jpg,burst_near_duplicate,85e0933bd7023537fdb758969c0060cf
olive_peacock_spot,IMG_20190806_173951.jpg,burst_near_duplicate,3120d21c8b65a12250c9a684c3086684
olive_peacock_spot,IMG_20190806_173955.jpg,burst_near_duplicate,a11d28f14e70a98aad20bc417db7b485
olive_peacock_spot,IMG_20190806_173957.jpg,burst_near_duplicate,be23df23340bea91c037d7fe6ee4f9e7
olive_peacock_spot,IMG_20190806_174000.jpg,burst_near_duplicate,8a8eb39e1372c7405da32b39d84d9b94
olive_peacock_spot,IMG_20190806_174003.jpg,burst_near_duplicate,86dc0302c1e18d847ccfb128893a3686
olive_peacock_spot,IMG_20190806_174011.jpg,burst_near_duplicate,5766d490b3d4b02a1f033a2af2586c11
olive_peacock_spot,IMG_20190806_174015.jpg,burst_near_duplicate,d64f0e087ffdc5a6fa93f0aab2dc65c1
olive_peacock_spot,IMG_20190806_174017.jpg,burst_near_duplicate,23fbec527314ba51b22f257cd8265ef1
olive_peacock_spot,IMG_20190806_174021.jpg,burst_near_duplicate,653f414e05b09eb2866dcbf99043f369
olive_peacock_spot,IMG_20190806_174024.jpg,burst_near_duplicate,eb7deedca999657161427eb9ea30781a
olive_peacock_spot,IMG_20190806_174212.jpg,burst_near_duplicate,4efb094c7dd633bd1094369967ba993f
olive_peacock_spot,IMG_20190806_174221.jpg,burst_near_duplicate,f4eddd192f6be6e5ae7290726e475c2a
olive_peacock_spot,IMG_20190806_174243.jpg,burst_near_duplicate,d919910fc5c49a397f7c8ae212b1548b
olive_peacock_spot,IMG_20190806_174246.jpg,burst_near_duplicate,ecec560253d040b4dba3c433291b3918
olive_peacock_spot,IMG_20190806_174249.jpg,burst_near_duplicate,b84a8e942a726e3f582790cf8ffa672e
olive_peacock_spot,IMG_20190806_174310.jpg,burst_near_duplicate,64821b42b9dcdcb5debdd2fd1c971666
olive_peacock_spot,IMG_20190806_174313.jpg,burst_near_duplicate,c3aada77b1a6e17a4b4b4dcb14dcd370
olive_peacock_spot,IMG_20190806_174316.jpg,burst_near_duplicate,e293fc45966da2fc05dae34d35426786
olive_peacock_spot,IMG_20190815_124447.jpg,duplicate_of_test,9b16407b18be77babc9c41b06d08ee01
