image,n_leaves
plant001_rgb.png,7
plant002_rgb.png,8
plant005_rgb.png,11
plant006_rgb.png,11
plant007_rgb.png,7
plant008_rgb.png,12
plant010_rgb.png,11
plant011_rgb.png,7
plant012_rgb.png,8
plant013_rgb.png,12
plant015_rgb.png,12
plant016_rgb.png,12
plant017_rgb.png,7
plant018_rgb.png,10
plant020_rgb.png,11
plant021_rgb.png,8
plant022_rgb.png,7
plant024_rgb.png,12
plant026_rgb.png,8
plant027_rgb.png,12
plant029_rgb.png,15
plant030_rgb.png,15
plant031_rgb.png,14
plant032_rgb.png,16
plant033_rgb.png,11
plant035_rgb.png,10
plant036_rgb.png,10
plant037_rgb.png,16
plant038_rgb.png,13
plant039_rgb.png,13
plant040_rgb.png,14
plant042_rgb.png,14
plant043_rgb.png,13
plant044_rgb.png,12
plant045_rgb.png,13
plant046_rgb.png,12
plant047_rgb.png,16
plant048_rgb.png,12
plant049_rgb.png,11
plant050_rgb.png,17
plant051_rgb.png,12
plant052_rgb.png,9
plant053_rgb.png,13
plant054_rgb.png,15
plant055_rgb.png,14
plant057_rgb.png,11
plant058_rgb.png,14
plant059_rgb.png,13
plant060_rgb.png,11
plant061_rgb.png,10
plant062_rgb.png,16
plant063_rgb.png,12
plant064_rgb.png,11
plant065_rgb.png,15
plant067_rgb.png,13
plant068_rgb.png,11
plant069_rgb.png,21
plant070_rgb.png,21
plant071_rgb.png,11
plant072_rgb.png,12
plant073_rgb.png,9
plant076_rgb.png,12
plant077_rgb.png,15
plant078_rgb.png,13
plant079_rgb.png,12
plant080_rgb.png,18
plant082_rgb.png,14
plant083_rgb.png,14
plant084_rgb.png,17
plant085_rgb.png,13
plant086_rgb.png,14
plant088_rgb.png,10
plant089_rgb.png,12
plant090_rgb.png,11
plant091_rgb.png,10
plant092_rgb.png,15
plant094_rgb.png,12
plant096_rgb.png,18
plant098_rgb.png,10
plant099_rgb.png,17
plant100_rgb.png,14
plant101_rgb.png,16
plant102_rgb.png,13
plant104_rgb.png,14
plant105_rgb.png,13
plant106_rgb.png,16
plant107_rgb.png,15
plant108_rgb.png,11
plant109_rgb.png,10
plant110_rgb.png,15
plant113_rgb.png,12
plant114_rgb.png,13
plant115_rgb.png,13
plant116_rgb.png,10
plant118_rgb.png,14
plant119_rgb.png,12
plant120_rgb.png,14
plant121_rgb.png,12
plant123_rgb.png,11
plant124_rgb.png,14
plant126_rgb.png,13
plant127_rgb.png,12
plant128_rgb.png,9
plant129_rgb.png,13
plant130_rgb.png,15
plant132_rgb.png,13
plant133_rgb.png,13
plant134_rgb.png,15
plant135_rgb.png,6
plant137_rgb.png,12
plant138_rgb.png,10
plant139_rgb.png,15
plant141_rgb.png,20
plant142_rgb.png,13
plant143_rgb.png,17
plant144_rgb.png,17
plant145_rgb.png,13
plant146_rgb.png,11
plant147_rgb.png,9
plant148_rgb.png,15
plant149_rgb.png,15
plant151_rgb.png,13
plant152_rgb.png,10
plant153_rgb.png,17
plant154_rgb.png,4
plant156_rgb.png,6
plant159_rgb.png,10
plant161_rgb.png,4
